ID,Symbol,Total count,V$JUNFRA1_01,V$JUNFRA2_01,V$JUN_06,V$AP1_Q4_01,V$ERM_03,V$ETV5HOXA2_01,V$AP1_01,V$JUNB_04,V$AP1_Q6_01,V$RAD21_01,V$CFOSCJUN_Q5,V$JUNB_05,V$ETV5DLX2_01,V$JUNFOSB_01,V$SMAD3_02,V$JUN_11,V$FOXM1_Q3,V$HDAC2_02,V$JUN_03,V$JUNB_Q6,V$JUNB_01,V$ETV5DRGX_01,V$JUN_08,V$ETV5ETV7_01,V$AP1_02,V$RAD21_04,V$BATFJUN_01,V$JUNB_07,V$JUNBFRA2_01,V$JUNBFOS_01,V$JUNBFOSB_01,V$ETV5FOXO1_02,V$CJUN_Q6,V$JUNB_02,V$ETV5TCF3_01,V$RAD21_10,V$ERM_05,V$ETV5FIGLA_01,V$ETV5EOMES_01,V$SMAD3_04,V$ETV5HES7_01,V$HDAC2_04,V$RAD21_11
ENSG00000103275,UBE2I,273,0,0,0,0,0,0,0,0,0,0,0,0,0,0,0,0,0,0,0,0,0,2,0,0,0,0,18,0,23,24,23,0,0,34,11,4,30,0,34,7,37,23,3
ENSG00000154229,PRKCA,214,0,0,0,0,0,0,0,0,0,0,0,0,0,0,0,0,0,0,0,0,0,0,0,0,0,0,0,0,0,0,0,0,0,0,14,9,15,2,30,10,62,62,10
ENSG00000069399,BCL3,191,2,2,1,1,0,0,3,2,2,0,2,2,0,2,0,1,0,0,0,2,2,0,4,0,4,1,4,4,4,4,4,0,3,4,15,20,15,5,24,17,19,3,13
ENSG00000116670,MAD2L2,191,0,0,0,0,0,0,0,0,0,0,0,0,0,0,0,0,0,0,0,0,0,0,0,0,0,0,0,0,0,0,0,0,0,0,15,12,16,5,35,11,47,38,12
ENSG00000140443,IGF1R,187,0,0,0,0,0,0,0,0,0,0,0,0,0,0,0,0,0,0,0,0,0,0,0,1,0,0,1,0,1,1,1,1,0,1,4,12,3,1,22,5,58,67,8
ENSG00000148498,PARD3,183,0,0,0,0,0,0,0,0,0,0,0,0,0,0,0,0,0,0,0,0,0,0,0,1,0,0,0,0,0,0,0,0,0,0,9,20,19,3,27,14,41,33,16
ENSG00000196498,NCOR2,179,0,0,0,0,0,0,0,0,0,0,0,0,0,0,0,0,0,0,0,0,0,0,0,0,0,0,0,0,0,0,0,0,0,0,8,16,12,4,23,13,46,47,10
ENSG00000105229,PIAS4,177,0,0,0,0,0,0,0,0,0,0,0,0,0,0,0,0,0,0,0,0,0,0,0,0,0,1,0,0,0,0,0,0,1,0,10,16,9,9,21,11,48,38,13
ENSG00000136603,SKIL,171,0,0,0,0,0,0,0,0,0,1,0,0,0,0,0,0,0,0,0,0,0,0,0,0,0,0,0,0,0,0,0,1,0,0,10,10,8,5,28,14,33,52,9
ENSG00000108854,SMURF2,167,0,0,0,0,1,0,0,0,0,0,0,0,0,0,0,0,0,0,0,0,0,0,0,0,0,1,0,0,0,0,0,0,0,0,12,13,16,3,20,15,40,32,14
ENSG00000132470,ITGB4,166,0,0,0,1,0,0,1,0,0,0,1,1,0,1,0,0,0,0,0,1,2,0,2,0,2,0,2,2,2,2,2,0,2,2,7,24,10,3,27,7,33,20,9
ENSG00000067606,PRKCZ,165,0,0,0,0,0,0,0,0,0,0,0,0,0,0,0,0,0,0,0,0,0,0,0,0,0,1,0,0,0,0,0,1,0,0,8,18,1,6,30,10,45,33,12
ENSG00000197694,SPTAN1,163,0,0,0,0,0,0,0,0,0,0,0,0,0,0,0,0,0,0,0,0,0,0,0,0,0,0,0,0,0,0,0,0,0,0,6,7,5,3,31,15,47,43,6
ENSG00000103653,CSK,161,0,0,0,0,0,0,0,0,0,0,0,0,0,0,0,0,0,1,0,0,0,0,0,0,0,0,2,0,2,2,2,0,0,2,6,27,14,4,21,19,31,20,8
ENSG00000105426,PTPRS,161,0,0,0,0,0,0,0,0,0,0,0,0,0,0,0,0,0,0,2,0,0,0,0,0,0,0,0,0,0,0,0,0,0,0,16,11,5,2,16,8,45,50,6
ENSG00000105329,TGFB1,160,0,0,0,0,0,0,0,0,0,0,0,0,0,0,0,0,0,0,0,0,0,0,1,0,0,0,0,1,0,1,0,2,1,2,8,21,15,4,28,11,32,13,20
ENSG00000148660,CAMK2G,159,0,0,0,0,0,0,0,0,0,0,0,0,0,0,2,0,0,0,0,0,0,0,0,1,0,0,0,0,0,0,0,0,0,0,9,16,7,4,25,14,44,21,16
ENSG00000142798,HSPG2,158,0,0,0,0,0,0,0,0,0,0,0,0,0,0,0,0,0,0,0,0,0,0,0,1,0,0,0,0,0,0,0,0,0,0,11,13,3,2,20,5,56,38,9
ENSG00000185338,SOCS1,155,0,0,0,0,0,0,0,0,0,0,0,0,0,0,0,0,0,0,0,0,0,0,0,0,0,0,0,0,0,0,0,1,0,1,11,20,8,7,20,16,36,17,18
ENSG00000185950,IRS2,153,0,0,0,0,0,0,0,0,0,0,0,0,0,0,0,0,0,0,0,0,0,0,0,0,0,0,0,0,3,3,3,0,1,3,10,9,5,2,22,6,42,35,9
ENSG00000197321,SVIL,153,0,0,0,0,0,0,0,0,0,0,0,0,1,0,0,0,0,0,0,0,0,0,0,0,0,0,0,0,0,0,0,0,0,0,9,28,3,2,17,6,40,38,9
ENSG00000099942,CRKL,150,1,1,1,1,0,0,2,1,1,0,1,1,0,1,0,1,1,0,0,1,2,0,2,0,2,0,2,2,3,4,4,0,1,4,7,19,3,7,17,7,17,21,12
ENSG00000172216,CEBPB,150,0,0,0,0,0,0,0,0,0,1,0,0,0,0,0,0,0,0,0,0,0,0,0,0,0,0,0,0,0,0,0,0,0,1,9,26,10,4,25,12,37,11,14
ENSG00000173156,RHOD,150,0,0,0,0,0,0,0,0,0,0,0,0,0,0,0,0,0,0,0,0,0,0,0,0,0,0,4,0,4,4,4,0,0,4,15,27,14,5,17,13,23,11,5
ENSG00000102974,CTCF,147,0,0,0,0,0,0,0,0,0,0,0,0,0,0,0,0,0,0,0,0,0,0,0,0,0,0,0,0,0,0,0,0,0,0,8,16,9,3,23,9,40,32,7
ENSG00000145715,RASA1,147,0,0,0,0,0,0,0,0,0,0,0,0,0,0,0,0,0,0,0,0,0,0,0,0,0,0,0,0,0,1,1,1,0,1,12,12,17,5,22,13,29,26,7
ENSG00000184557,SOCS3,147,0,0,0,0,0,0,0,0,0,0,0,0,0,0,0,0,0,0,0,0,0,0,0,0,0,0,0,0,1,1,1,0,0,1,9,12,2,4,17,13,45,34,7
ENSG00000169047,IRS1,146,0,0,0,0,0,0,0,0,0,0,0,0,0,0,0,0,0,0,0,0,0,0,0,0,0,0,0,0,0,0,0,1,0,1,5,12,6,4,20,9,39,36,13
ENSG00000145675,PIK3R1,144,0,0,0,0,0,0,0,0,0,0,0,0,0,0,0,0,0,0,0,0,0,0,0,0,0,0,0,0,0,0,0,0,0,0,9,19,10,2,21,14,38,23,8
ENSG00000149679,CABLES2,144,0,0,0,0,0,0,0,0,0,0,0,0,0,0,0,0,0,0,0,0,0,0,0,0,0,0,0,0,0,0,0,0,0,0,5,18,3,4,17,6,41,40,10
ENSG00000174775,HRAS,143,0,0,0,0,0,0,0,0,0,0,0,0,0,0,0,0,0,0,0,0,0,0,0,0,0,0,0,0,0,0,0,0,0,0,9,26,7,6,21,11,27,20,16
ENSG00000196504,PRPF40A,143,0,0,0,0,0,0,0,0,0,0,0,0,0,0,0,0,0,0,0,0,0,0,0,0,0,0,0,0,0,0,0,0,0,0,10,15,8,5,32,10,22,33,8
ENSG00000099940,SNAP29,142,0,0,0,0,0,0,0,0,0,0,0,0,0,0,0,0,0,0,0,0,0,0,0,1,0,0,0,0,0,0,0,0,0,0,10,17,3,6,21,8,44,22,10
ENSG00000104067,TJP1,142,0,0,0,0,0,0,0,0,0,0,0,0,0,0,0,0,0,0,0,0,0,0,0,1,0,0,0,0,0,0,0,0,0,0,12,11,3,2,23,5,35,41,9
ENSG00000089159,PXN,141,0,0,0,0,0,0,0,0,0,0,0,0,0,0,0,0,0,0,0,0,0,0,0,0,0,0,0,0,1,1,1,0,0,2,9,22,3,1,18,5,39,35,4
ENSG00000198176,TFDP1,141,0,0,0,0,0,0,0,0,0,0,0,0,0,0,0,0,0,0,0,0,0,0,0,0,0,0,0,0,0,0,0,0,0,0,6,13,3,1,17,5,45,46,5
ENSG00000130402,ACTN4,140,0,0,0,0,0,0,0,0,0,0,0,0,0,0,0,0,0,0,0,0,2,0,2,0,1,0,3,2,3,3,3,0,0,3,7,10,3,2,18,9,28,35,6
ENSG00000168395,ING5,140,0,0,0,0,0,0,0,0,0,0,0,0,0,0,0,0,0,0,0,0,0,0,0,1,0,0,0,0,0,0,0,0,0,0,5,18,4,3,27,7,46,20,9
ENSG00000103266,STUB1,139,0,0,0,0,0,0,0,0,0,0,0,0,0,0,0,0,0,0,0,0,0,0,1,0,0,0,0,1,0,1,0,0,0,0,11,27,3,1,22,5,24,21,22
ENSG00000106070,GRB10,139,0,0,0,0,0,0,0,0,0,0,0,0,0,0,0,0,0,0,0,0,0,0,0,0,0,0,0,0,0,0,0,1,0,0,6,19,12,0,23,9,35,26,8
ENSG00000132535,DLG4,139,1,1,1,1,0,0,1,1,1,0,1,1,1,1,0,1,0,0,0,1,2,0,2,1,2,0,2,2,4,4,4,0,1,5,5,19,5,4,24,8,21,5,6
ENSG00000164305,CASP3,139,0,0,0,0,0,0,0,0,0,0,0,0,1,0,0,0,0,0,0,0,0,0,0,0,0,0,0,0,0,0,0,0,0,0,6,20,8,2,22,13,36,21,10
ENSG00000129219,PLD2,138,0,0,0,0,0,0,0,0,0,0,0,0,0,0,0,0,0,0,0,0,0,0,0,0,0,0,1,0,1,1,1,0,0,1,7,15,5,2,22,3,40,26,13
ENSG00000124788,ATXN1,137,0,0,0,0,0,0,0,0,0,0,0,0,0,0,0,0,0,0,1,0,0,0,0,0,0,0,0,0,0,0,0,0,0,0,9,8,13,3,24,11,37,26,5
ENSG00000115760,BIRC6,136,0,0,0,0,0,0,0,0,0,0,0,0,0,0,0,0,0,0,0,0,0,0,0,0,0,1,0,0,0,0,0,0,0,0,11,9,13,3,17,10,35,28,9
ENSG00000170027,YWHAG,135,0,0,0,0,0,0,0,0,0,0,0,0,0,0,0,0,0,0,0,0,1,0,2,0,1,0,2,2,2,2,2,0,0,3,9,17,2,5,19,10,25,23,8
ENSG00000173757,STAT5B,134,1,1,1,0,0,0,2,1,1,0,1,1,0,1,0,0,0,0,0,1,2,0,2,1,2,0,2,2,2,2,2,1,1,2,8,19,6,6,16,8,22,9,8
ENSG00000182492,BGN,134,0,0,0,0,0,0,0,0,0,0,0,0,0,0,0,0,1,0,0,0,0,0,0,0,0,0,0,0,0,0,0,0,1,1,11,20,15,8,17,21,19,9,11
ENSG00000116017,ARID3A,133,0,0,0,0,0,0,0,0,0,0,0,0,0,0,0,0,1,0,0,0,0,0,0,0,0,0,0,0,0,0,0,1,0,0,8,19,9,6,22,10,29,19,9
ENSG00000168056,LTBP3,132,0,0,0,1,0,0,1,0,0,0,1,1,0,1,0,0,0,0,0,1,2,0,2,0,2,0,2,2,2,2,2,1,1,2,8,31,9,3,16,15,10,7,7
ENSG00000088986,DYNLL1,130,0,0,0,0,0,0,0,0,0,0,0,0,0,0,0,0,0,0,0,0,0,0,0,0,0,0,0,0,0,0,0,0,0,0,10,11,3,1,20,6,41,34,4
ENSG00000115053,NCL,130,0,0,0,0,0,0,0,0,0,0,0,0,0,0,0,0,0,0,0,0,0,0,0,0,0,0,0,0,0,0,0,0,0,0,10,23,8,4,19,10,30,16,10
ENSG00000171150,SOCS5,130,1,1,1,1,0,0,1,1,1,0,1,1,0,1,0,1,0,0,0,1,2,0,2,1,2,0,2,3,2,2,2,0,1,2,7,7,9,3,16,19,19,9,8
ENSG00000066027,PPP2R5A,129,0,0,0,0,0,0,0,0,0,1,0,0,0,0,0,0,0,0,0,0,0,0,0,0,0,0,0,0,1,1,1,0,0,2,11,13,5,2,18,6,35,26,7
ENSG00000152465,NMT2,129,0,0,0,0,0,0,0,0,0,0,0,0,0,0,0,0,0,0,0,0,0,0,0,0,0,0,0,0,0,0,0,0,0,0,6,17,16,2,27,8,30,18,5
ENSG00000186868,MAPT,129,0,0,0,0,0,0,0,0,0,1,0,0,0,0,0,0,0,0,0,0,0,0,0,0,0,0,0,0,0,1,1,0,0,2,5,12,11,4,16,7,28,30,11
ENSG00000072062,PRKACA,128,0,0,0,0,0,0,0,0,0,0,0,0,0,0,0,0,0,0,0,0,0,0,0,0,0,0,1,0,1,1,1,0,0,1,8,20,3,3,14,9,27,30,9
ENSG00000123159,GIPC1,128,0,0,0,0,0,0,0,0,0,0,0,0,0,0,0,0,0,0,0,0,0,0,0,0,0,0,0,0,0,0,0,0,1,0,12,19,7,8,26,9,26,13,7
ENSG00000162434,JAK1,128,0,0,0,0,0,0,0,0,0,0,0,0,0,0,0,0,0,0,0,0,0,0,0,0,0,0,0,0,0,0,0,0,0,0,9,11,7,2,20,7,39,26,7
ENSG00000171720,HDAC3,128,0,0,0,0,0,0,0,0,0,0,0,0,0,0,0,0,0,0,0,0,0,0,0,0,0,0,0,0,0,0,0,0,1,0,7,15,5,6,28,12,28,17,9
ENSG00000259207,ITGB3,128,0,0,0,0,0,0,0,0,0,0,0,0,0,0,0,0,0,0,0,0,0,0,0,0,0,0,2,0,3,3,3,0,0,2,8,12,5,3,22,8,25,22,10
ENSG00000008710,PKD1,127,0,0,0,0,0,0,0,0,0,0,0,0,0,0,0,0,0,0,0,0,0,0,0,0,0,0,0,0,0,0,0,0,1,0,10,10,9,2,24,7,33,20,11
ENSG00000141551,CSNK1D,127,0,0,0,0,0,0,0,0,0,0,0,0,0,0,0,0,0,0,0,0,0,0,0,0,0,0,0,0,0,0,0,2,0,0,6,21,8,7,22,12,21,16,12
ENSG00000146648,EGFR,127,0,0,0,0,0,0,0,0,0,0,0,0,0,0,0,0,0,1,0,0,0,0,0,0,0,0,0,0,0,0,0,0,0,0,7,16,9,5,27,10,28,15,9
ENSG00000050820,BCAR1,126,1,1,1,1,0,0,1,1,1,0,1,1,0,1,1,1,0,0,0,1,2,0,3,1,2,0,2,3,2,3,2,0,1,3,13,30,5,2,8,14,5,2,10
ENSG00000102189,EEA1,126,0,0,0,0,0,0,0,0,0,1,0,0,0,0,0,0,0,0,0,0,0,0,0,1,0,0,0,0,0,0,0,0,2,1,3,17,8,2,13,7,31,25,15
ENSG00000107643,MAPK8,126,0,0,0,0,0,0,0,0,0,0,0,0,0,0,0,0,1,0,0,0,0,0,0,0,0,0,0,0,2,3,2,0,0,2,10,16,2,3,17,7,33,17,11
ENSG00000109320,NFKB1,125,0,0,0,0,1,0,0,0,0,0,0,0,0,0,0,0,0,0,0,0,0,0,0,0,0,0,0,0,0,0,0,0,1,0,8,18,9,2,15,11,25,20,15
ENSG00000138376,BARD1,125,0,0,0,0,0,0,0,0,0,0,0,0,0,0,0,0,0,0,0,0,0,0,0,0,0,1,0,0,0,0,0,0,0,0,7,15,3,1,21,6,38,23,10
ENSG00000120899,PTK2B,123,0,0,0,0,0,0,0,0,0,0,0,0,0,0,0,0,0,0,0,0,0,0,0,1,0,1,0,0,0,0,0,0,0,0,11,15,11,5,18,7,34,13,7
ENSG00000196396,PTPN1,123,0,0,0,0,0,0,1,1,1,0,1,1,0,1,0,0,0,0,0,1,1,0,2,0,2,0,2,2,2,2,2,1,1,2,6,20,6,4,11,7,25,14,4
ENSG00000196754,S100A2,122,0,0,0,0,0,0,0,0,0,0,0,0,0,0,0,0,1,1,0,0,1,0,2,0,1,1,3,1,4,5,6,2,1,6,7,15,3,8,16,17,5,3,13
ENSG00000048392,RRM2B,121,0,0,0,0,0,0,0,0,0,0,0,0,0,0,0,0,1,0,0,0,0,0,0,0,0,0,0,0,0,0,0,1,1,1,12,17,8,5,21,11,18,11,14
ENSG00000096696,DSP,121,0,0,0,0,0,0,0,0,0,0,0,0,0,0,0,0,0,0,0,0,0,0,0,0,0,0,0,0,1,1,1,0,0,1,9,15,7,3,21,4,34,18,6
ENSG00000106089,STX1A,121,0,0,0,0,0,0,0,0,0,0,0,0,0,0,0,0,0,0,0,0,0,0,0,0,0,0,0,0,2,2,2,0,0,1,7,19,5,3,17,8,32,20,3
ENSG00000110395,CBL,121,0,0,0,0,0,0,0,0,0,1,0,0,0,0,0,1,0,0,0,0,0,0,1,0,0,0,0,1,0,1,0,0,0,1,7,8,8,3,20,7,31,25,6
ENSG00000013810,TACC3,120,0,0,0,0,0,0,0,0,0,0,0,0,0,0,0,0,0,0,0,0,0,0,0,0,0,0,0,0,0,0,0,0,0,0,6,14,5,1,14,7,30,31,12
ENSG00000183496,MEX3B,120,0,0,0,0,0,0,0,0,0,0,0,0,0,0,0,0,0,1,0,0,0,0,0,0,0,0,0,0,0,2,2,0,0,3,8,13,10,0,20,16,20,16,9
ENSG00000197323,TRIM33,120,0,0,0,0,0,0,0,0,0,0,0,0,0,0,0,0,0,0,0,0,0,0,0,2,0,0,0,0,0,0,0,0,0,1,4,8,6,0,17,6,39,33,4
ENSG00000005339,CREBBP,118,0,0,0,0,0,0,0,0,0,0,0,0,0,0,0,1,0,0,0,0,0,0,0,0,0,0,0,0,0,1,0,0,0,1,9,20,1,6,7,3,34,26,9
ENSG00000109062,SLC9A3R1,118,0,0,0,0,0,0,0,0,0,1,0,0,0,0,0,0,0,0,0,0,0,0,0,0,0,0,0,0,0,0,0,0,0,0,8,17,1,4,20,7,34,15,11
ENSG00000163235,TGFA,118,0,0,0,0,0,0,0,0,0,0,0,0,0,0,0,0,0,0,0,0,0,0,0,0,1,0,2,0,2,2,2,0,0,2,3,26,6,5,15,8,22,12,10
ENSG00000170836,PPM1D,118,0,0,0,0,0,0,0,0,0,0,0,0,0,0,0,0,0,0,0,0,0,0,0,0,0,0,0,0,0,0,0,0,0,0,12,9,9,3,21,8,23,25,8
ENSG00000175387,SMAD2,118,0,0,0,0,0,0,0,0,0,0,0,0,0,0,0,0,0,0,0,0,0,0,0,0,0,0,0,0,0,0,0,0,0,0,8,5,4,1,27,7,37,25,4
ENSG00000151694,ADAM17,117,0,0,0,0,0,0,0,0,0,1,0,0,0,0,0,0,0,0,0,0,0,0,0,0,0,0,0,1,0,0,0,0,0,0,7,23,7,3,14,13,27,13,8
ENSG00000080824,HSP90AA1,116,0,0,0,0,0,0,0,0,0,0,0,0,0,0,0,0,0,0,0,0,0,0,0,0,0,0,0,0,0,0,0,0,0,0,10,14,13,5,13,10,24,16,11
ENSG00000196405,EVL,116,0,0,0,0,0,0,0,0,0,0,0,0,0,0,0,0,0,0,0,0,0,0,0,0,0,0,0,0,0,0,0,0,0,0,8,8,4,3,12,7,39,31,4
ENSG00000138448,ITGAV,114,0,0,0,0,1,0,0,0,0,0,0,0,0,0,0,0,0,0,0,0,0,0,0,0,0,0,0,0,0,0,0,0,0,1,8,15,10,3,26,6,24,15,5
ENSG00000168615,ADAM9,113,0,0,0,0,0,0,0,0,0,0,0,0,0,0,0,0,0,0,0,0,0,0,0,0,0,1,0,0,0,0,0,0,0,1,7,8,2,4,11,6,35,30,8
ENSG00000196961,AP2A1,113,0,0,0,0,1,0,0,0,0,0,0,0,0,0,0,0,0,0,0,0,0,0,0,0,0,0,0,0,0,0,0,0,0,0,7,10,19,3,20,10,24,9,10
ENSG00000075624,ACTB,112,0,0,0,1,0,0,2,0,1,1,1,1,0,1,0,0,0,0,0,1,2,0,2,0,2,1,2,2,2,2,2,0,1,2,9,13,4,6,12,11,14,10,4
ENSG00000105325,FZR1,112,0,0,0,0,0,0,0,0,0,0,0,0,0,0,0,0,0,0,0,0,0,0,0,0,0,1,0,1,0,0,0,0,1,0,1,13,7,2,18,11,30,24,3
ENSG00000092820,EZR,111,0,0,0,0,0,0,0,0,0,1,0,0,0,0,0,0,0,0,0,0,0,0,0,0,0,0,0,0,0,0,0,0,0,0,12,10,8,4,16,13,24,16,7
ENSG00000113575,PPP2CA,111,0,0,0,0,0,0,0,0,0,0,0,0,0,0,0,0,0,0,0,0,0,0,1,0,0,0,0,1,0,1,0,0,0,2,4,18,9,6,17,11,20,13,8
ENSG00000113721,PDGFRB,111,0,1,1,0,0,0,1,1,1,0,1,1,0,1,0,0,0,0,0,1,2,0,2,0,3,0,5,2,5,6,6,0,1,6,8,9,6,0,12,14,6,5,4
ENSG00000147065,MSN,111,0,0,0,0,1,0,0,0,0,0,0,0,0,0,0,0,0,0,0,0,0,0,0,0,0,0,1,0,1,1,1,1,0,2,9,22,18,9,15,15,5,2,8
ENSG00000169083,AR,111,0,0,0,0,0,0,0,0,0,0,0,0,0,0,0,0,0,0,0,0,0,0,0,0,0,0,0,0,0,0,0,1,0,0,6,18,12,5,26,17,10,10,6
ENSG00000197467,COL13A1,111,0,0,0,0,1,0,0,0,0,0,0,0,0,0,0,0,0,0,0,0,0,0,0,1,0,0,0,0,1,2,1,0,0,2,10,13,9,3,27,8,19,8,6
ENSG00000067900,ROCK1,110,0,0,0,0,0,0,0,0,0,0,0,0,0,0,0,0,0,0,0,0,0,0,0,1,0,0,0,0,0,0,0,1,0,0,4,12,5,4,20,10,24,23,6
ENSG00000177606,JUN,110,0,0,0,0,0,0,0,0,0,0,0,0,0,0,0,0,0,0,0,0,0,0,0,0,0,0,0,0,0,0,0,0,0,0,12,12,7,3,14,8,28,12,14
ENSG00000186716,BCR,110,0,0,0,1,0,0,1,0,1,0,1,1,0,1,0,0,0,0,0,1,1,0,2,0,2,0,3,2,4,4,4,2,1,5,4,18,5,5,11,13,8,0,9
ENSG00000132522,GPS2,109,0,0,0,0,0,0,0,0,0,1,0,0,0,0,0,0,0,0,0,0,0,0,0,0,0,1,0,2,0,0,0,0,3,0,8,9,5,8,21,7,19,14,11
ENSG00000068028,RASSF1,108,0,0,0,0,0,0,0,0,0,0,0,0,0,0,0,0,0,0,0,0,0,0,0,1,0,0,0,0,0,0,0,1,0,0,9,18,10,6,20,9,16,11,7
ENSG00000113070,HBEGF,108,0,0,0,0,0,0,0,0,0,0,0,0,0,0,0,0,0,0,0,0,0,0,0,1,0,0,1,0,2,2,2,0,0,3,9,10,7,4,11,11,25,12,8
ENSG00000122779,TRIM24,108,0,0,0,0,0,0,0,0,0,0,0,0,0,0,0,0,1,1,0,0,0,0,0,0,0,1,0,0,0,0,0,0,0,0,7,5,9,3,18,9,25,16,13
ENSG00000124181,PLCG1,108,0,0,0,0,0,0,0,0,0,0,0,0,0,0,0,0,0,0,0,0,0,0,0,0,0,0,0,0,0,0,0,0,0,0,9,17,5,2,20,7,24,17,7
ENSG00000142864,SERBP1,108,0,0,0,0,0,0,0,0,0,1,0,0,0,0,0,0,0,0,0,0,0,0,0,0,0,0,0,0,1,1,1,0,3,1,6,14,6,2,22,9,20,8,13
ENSG00000166913,YWHAB,108,0,0,0,0,0,0,0,0,0,0,0,0,0,0,0,0,0,0,0,0,0,0,0,0,0,0,0,0,0,0,0,0,0,0,13,13,13,4,27,10,14,11,3
ENSG00000177885,GRB2,108,0,0,0,0,1,0,0,0,0,0,0,0,0,0,0,0,1,1,0,0,1,0,0,0,1,0,2,1,2,2,3,0,0,3,8,10,3,2,16,11,20,13,7
ENSG00000075643,MOCOS,107,0,0,0,0,0,0,0,0,0,0,0,0,0,0,0,0,0,0,0,0,0,0,0,0,0,0,0,0,0,0,0,0,1,0,7,17,4,6,13,8,27,17,7
ENSG00000170421,KRT8,107,1,1,1,1,0,0,2,1,1,0,1,1,0,1,0,1,0,0,0,1,2,0,2,0,2,0,2,2,2,2,2,1,2,2,6,21,6,4,15,12,3,1,5
ENSG00000135679,MDM2,106,0,0,0,0,0,0,0,0,0,0,0,0,0,0,0,0,0,0,0,0,0,0,2,0,0,0,1,1,1,2,1,1,0,2,5,4,3,2,17,8,25,21,10
ENSG00000095002,MSH2,105,0,0,0,0,0,0,0,0,0,1,0,0,0,0,0,0,0,2,0,0,2,0,2,0,1,1,3,2,4,4,4,0,0,5,4,8,11,4,11,9,12,10,5
ENSG00000130956,HABP4,105,0,0,0,0,0,0,0,0,0,0,0,0,0,0,0,0,0,0,0,0,0,0,0,0,0,0,0,0,0,0,0,0,0,0,6,13,3,1,14,6,27,27,8
ENSG00000168685,IL7R,105,1,1,1,1,0,0,4,1,2,0,2,2,0,2,0,0,0,0,0,2,4,0,4,0,4,0,4,4,4,4,4,0,2,4,6,10,4,1,10,10,4,0,3
ENSG00000104852,SNRNP70,104,0,0,0,0,0,0,0,0,0,0,0,0,0,0,0,0,0,0,0,0,0,0,0,1,0,0,0,0,1,1,1,0,0,0,3,7,3,2,15,5,31,30,4
ENSG00000127445,PIN1,104,0,0,0,0,0,0,0,0,0,0,0,0,0,0,1,0,0,0,0,0,0,0,0,0,0,0,0,0,0,0,0,0,0,0,15,19,5,3,16,7,16,17,5
ENSG00000135924,DNAJB2,104,0,0,0,0,0,0,0,0,0,0,0,0,0,0,0,0,0,0,0,0,0,0,2,0,0,2,1,0,2,3,2,0,0,3,2,19,10,5,20,9,4,5,15
ENSG00000076641,PAG1,103,0,0,0,0,0,0,0,0,0,0,0,0,0,0,0,0,0,0,0,0,0,0,0,0,0,0,0,0,0,0,0,0,0,0,5,13,6,1,18,7,31,16,6
ENSG00000090339,ICAM1,103,0,0,0,0,0,0,0,0,0,0,0,0,0,0,0,0,0,0,0,0,0,0,0,0,1,1,1,1,2,2,2,1,0,2,5,16,9,1,14,11,22,5,7
ENSG00000123384,LRP1,103,0,0,0,0,0,0,0,0,0,0,0,0,0,0,0,0,0,0,0,0,0,0,0,0,0,0,0,0,0,0,0,0,0,0,10,16,7,4,20,11,19,10,6
ENSG00000115317,HTRA2,101,0,0,0,0,0,0,0,0,0,0,0,0,0,0,0,0,0,0,0,0,0,0,0,0,0,0,0,0,1,1,1,2,0,1,10,11,5,6,21,9,20,4,9
ENSG00000139687,RB1,101,0,0,0,0,0,0,0,0,0,0,0,0,0,0,0,0,0,0,0,0,0,0,0,0,0,0,1,0,1,1,1,1,0,1,3,11,3,1,23,5,26,11,12
ENSG00000156711,MAPK13,101,0,0,0,0,0,0,1,1,1,0,1,1,0,1,0,0,0,0,0,1,1,0,2,0,2,0,2,3,3,5,4,0,2,4,9,12,9,4,15,11,2,0,4
ENSG00000165119,HNRNPK,101,0,0,0,0,0,0,0,0,0,0,0,0,0,0,0,0,0,0,0,0,0,0,0,0,0,0,0,0,1,1,1,0,0,1,5,14,5,2,15,5,24,21,6
ENSG00000100106,TRIOBP,100,0,0,0,0,0,0,0,0,0,0,0,0,0,0,0,0,0,1,0,0,1,0,3,0,1,0,2,3,2,3,2,0,0,3,7,20,4,4,9,13,12,3,7
ENSG00000115750,TAF1B,100,0,0,0,0,0,0,0,0,0,0,0,0,0,0,0,0,0,0,0,0,0,0,0,0,0,0,1,0,2,2,2,1,0,2,3,7,2,1,15,10,25,16,11
ENSG00000137801,THBS1,100,0,0,0,0,1,0,0,0,0,0,0,0,0,0,0,0,0,0,0,0,0,0,0,0,0,0,0,0,0,0,0,0,0,0,4,18,5,4,13,8,21,20,6
ENSG00000164611,PTTG1,99,1,1,1,2,0,0,2,1,2,0,2,2,0,2,0,1,0,0,0,2,2,0,4,0,4,0,5,4,6,6,6,1,2,6,4,6,3,3,5,2,7,1,3
ENSG00000182541,LIMK2,99,0,0,0,0,0,0,0,0,0,1,0,0,0,0,0,0,0,0,0,0,0,0,0,0,0,1,1,0,1,1,1,1,0,2,3,19,5,5,14,10,15,10,9
ENSG00000108821,COL1A1,98,0,0,0,0,0,0,0,0,0,0,0,0,0,0,0,0,0,0,0,0,0,0,0,1,0,0,0,0,0,0,0,0,0,0,9,20,10,3,15,12,17,6,5
ENSG00000116478,HDAC1,98,0,0,0,0,0,0,0,0,0,0,0,0,0,0,0,0,0,0,0,0,0,0,0,0,0,0,0,0,0,1,1,0,0,1,9,11,14,2,17,4,22,7,9
ENSG00000149948,HMGA2,98,0,0,0,0,0,0,0,0,0,0,0,0,0,0,1,0,0,0,0,0,0,0,0,0,0,0,0,0,0,0,0,0,0,0,10,9,3,6,17,8,18,20,6
ENSG00000114166,KAT2B,97,0,0,0,0,0,0,0,0,0,0,0,0,0,0,0,0,0,0,0,0,0,0,0,0,0,1,1,0,1,1,1,0,0,2,10,12,9,5,9,14,14,8,9
ENSG00000161638,ITGA5,97,0,0,0,0,0,0,0,0,0,0,0,0,0,0,0,0,0,0,0,0,0,0,0,0,0,0,1,0,1,1,1,0,0,1,11,10,15,6,20,11,6,5,8
ENSG00000197386,HTT,97,0,0,0,0,0,0,0,0,0,0,0,0,0,0,0,0,0,0,0,0,0,0,0,0,0,0,1,0,1,1,1,0,0,1,6,11,6,1,18,8,24,13,5
ENSG00000132670,PTPRA,96,0,0,0,0,2,0,0,0,0,0,0,0,0,0,0,0,1,0,0,0,0,0,1,0,0,0,0,1,0,1,0,0,0,1,10,14,16,4,7,18,12,3,5
ENSG00000254087,LYN,96,0,0,0,0,0,0,0,0,0,0,0,0,0,0,0,0,0,0,0,0,0,0,0,1,0,1,0,0,0,0,0,0,1,1,10,13,10,2,20,9,16,7,5
ENSG00000080815,PSEN1,95,0,0,0,0,1,0,0,0,0,0,0,0,0,0,0,0,0,0,0,0,0,0,2,0,1,0,2,2,2,2,2,0,0,3,7,12,9,4,19,10,9,4,4
ENSG00000100393,EP300,95,0,0,0,0,0,0,0,0,0,0,0,0,0,0,0,0,0,0,0,0,0,0,0,0,0,0,0,0,0,0,0,1,0,1,4,10,9,0,19,12,18,11,10
ENSG00000113658,SMAD5,95,0,0,0,0,0,0,0,0,0,0,0,0,0,0,0,0,1,0,0,0,0,0,0,0,0,0,0,0,0,0,0,1,0,1,6,9,4,3,18,9,20,15,8
ENSG00000070831,CDC42,94,0,0,0,0,0,0,0,0,0,0,0,0,0,0,0,0,0,0,0,0,0,0,0,0,0,0,0,0,0,0,0,0,0,0,3,15,5,7,9,12,25,15,3
ENSG00000164162,ANAPC10,94,1,1,1,1,0,0,1,1,1,0,1,1,0,1,0,1,0,0,0,1,2,0,2,0,2,1,2,2,2,2,2,0,1,2,8,8,4,3,7,11,11,5,5
ENSG00000197249,SERPINA1,94,0,0,0,0,0,0,0,0,0,0,0,0,0,0,0,1,0,0,0,0,0,0,1,0,0,0,0,1,0,1,0,0,0,1,7,20,13,3,16,14,9,0,7
ENSG00000005884,ITGA3,93,0,0,0,0,0,0,0,0,0,0,0,0,0,0,0,0,0,0,0,0,0,0,0,0,0,0,0,0,0,0,0,0,0,0,6,10,8,3,19,15,21,6,5
ENSG00000182866,LCK,93,0,0,0,0,0,0,0,0,0,0,0,0,0,0,0,0,0,0,0,0,0,0,0,1,0,0,0,0,0,0,0,0,1,0,6,18,11,3,17,16,7,3,10
ENSG00000150093,ITGB1,92,1,1,1,1,0,0,1,1,1,0,1,1,0,1,0,1,0,1,0,1,2,0,2,0,2,0,2,2,2,2,2,0,1,3,2,8,3,4,14,4,11,7,6
ENSG00000171604,CXXC5,92,0,0,0,0,0,0,0,0,0,0,0,0,1,0,0,0,0,0,0,0,0,0,0,1,0,0,0,0,0,0,0,1,0,1,6,14,11,9,14,16,9,6,3
ENSG00000204389,HSPA1A,92,0,0,0,0,0,0,0,0,0,0,0,0,0,0,0,0,0,0,1,0,0,0,0,0,0,0,0,0,0,0,0,0,0,0,6,16,12,1,19,13,10,7,7
ENSG00000115904,SOS1,91,0,0,0,0,0,0,0,0,0,0,0,0,0,0,0,0,0,0,0,0,0,0,0,0,0,0,0,0,0,0,0,0,0,2,11,18,2,6,10,9,15,12,6
ENSG00000130177,CDC16,90,0,0,0,0,0,0,0,0,0,0,0,0,0,0,0,0,0,0,1,0,0,0,0,0,0,0,0,0,1,1,1,0,1,1,7,16,3,5,18,8,14,9,4
ENSG00000154310,TNIK,90,0,0,0,0,0,0,0,0,0,0,0,0,0,0,0,0,0,0,0,0,0,0,1,1,0,0,0,1,0,1,0,0,0,1,6,6,10,0,17,8,20,13,5
ENSG00000169032,MAP2K1,90,0,0,0,0,0,0,0,0,0,0,0,0,0,0,0,1,1,0,0,0,0,0,0,0,0,0,0,0,0,0,0,1,0,1,9,13,3,5,13,9,21,6,7
ENSG00000010810,FYN,89,0,0,0,0,0,0,0,0,0,0,0,0,0,0,0,0,0,1,0,0,0,0,0,0,0,0,0,0,0,0,0,0,0,0,7,10,7,4,18,13,14,9,6
ENSG00000077312,SNRPA,89,0,0,0,1,0,0,1,0,1,0,1,1,0,1,0,0,0,0,0,1,1,0,2,0,2,0,3,2,3,3,3,0,2,4,6,9,4,2,13,5,11,4,3
ENSG00000085365,SCAMP1,89,0,0,0,0,0,0,0,0,0,0,0,0,0,0,0,0,0,0,0,0,0,0,0,0,0,0,0,1,0,0,0,1,0,0,6,7,4,2,19,7,23,18,1
ENSG00000105855,ITGB8,89,0,0,0,0,0,0,0,0,0,0,0,0,0,0,0,0,0,0,1,0,0,0,1,0,0,0,0,1,0,1,0,1,1,0,8,8,5,3,13,17,15,9,5
ENSG00000168610,STAT3,88,0,0,0,0,0,0,0,0,0,0,0,0,0,0,0,0,0,0,0,0,0,0,0,0,0,0,0,0,1,1,1,0,1,1,9,13,9,7,11,10,14,4,6
ENSG00000197971,MBP,88,0,0,0,0,0,0,0,0,0,0,0,0,0,0,0,0,0,0,0,0,0,0,0,0,0,0,0,0,0,1,1,1,0,2,8,14,8,5,15,14,11,6,2
ENSG00000205250,E2F4,88,0,0,0,0,1,0,0,0,0,0,0,0,0,0,0,0,0,0,0,0,0,1,0,0,0,0,0,0,1,1,1,0,0,2,9,12,8,5,13,5,13,13,3
ENSG00000058335,RASGRF1,87,0,0,0,0,0,0,0,0,0,0,0,0,0,0,0,0,0,0,0,0,0,0,0,0,0,0,0,1,0,0,0,0,1,0,5,9,8,3,17,14,14,12,3
ENSG00000117399,CDC20,87,0,0,0,0,0,0,0,0,0,0,0,0,0,0,0,0,0,0,0,0,0,0,0,1,0,0,0,0,0,0,0,0,0,1,4,12,5,3,20,11,17,8,5
ENSG00000125743,SNRPD2,87,0,0,0,0,0,0,0,0,0,0,0,0,0,0,0,0,0,0,0,0,0,0,0,0,0,0,0,0,0,0,0,0,0,1,8,12,5,3,17,8,16,9,8
ENSG00000136997,MYC,87,0,0,0,0,0,0,0,0,0,0,0,0,0,0,0,0,1,0,0,0,0,0,0,0,0,0,2,1,2,2,2,0,2,2,8,10,7,3,9,15,11,4,6
ENSG00000141736,ERBB2,87,0,0,0,0,0,0,0,0,0,0,0,0,0,0,0,0,1,0,0,0,1,1,2,0,1,1,2,1,3,4,4,0,0,4,5,16,5,2,9,6,8,8,3
ENSG00000185591,SP1,87,0,0,0,0,1,0,0,0,0,0,0,0,1,0,0,0,0,0,0,0,0,0,0,0,0,0,0,0,0,0,1,0,0,0,4,10,17,4,15,11,10,7,6
ENSG00000196352,CD55,87,0,0,0,0,0,0,0,0,0,1,0,0,0,0,0,0,0,1,0,0,0,0,0,0,0,0,0,1,1,0,1,2,1,0,4,11,5,3,12,14,18,6,6
ENSG00000204209,DAXX,87,0,0,0,1,0,0,1,0,0,0,1,1,0,1,0,0,1,0,0,1,2,0,5,0,2,0,2,3,3,5,3,0,1,3,7,13,8,1,12,5,2,0,3
ENSG00000041982,TNC,86,0,0,0,0,0,0,0,0,0,0,0,0,0,0,0,0,0,0,0,0,0,0,0,1,0,0,0,0,0,0,0,0,0,0,7,18,8,5,13,16,9,7,2
ENSG00000105974,CAV1,86,0,0,0,0,0,0,0,0,0,0,0,0,0,0,1,0,0,0,0,0,0,0,0,0,0,1,0,0,0,0,0,1,0,1,6,12,10,2,18,10,13,6,5
ENSG00000170004,CHD3,86,0,0,0,0,0,0,0,0,0,0,0,0,0,0,0,0,0,0,0,0,0,0,0,0,0,0,0,0,0,0,0,0,0,0,11,1,8,5,12,6,30,4,9
ENSG00000026103,FAS,85,0,0,0,0,0,0,0,0,0,0,0,0,0,0,0,0,0,0,0,0,0,0,0,0,1,0,2,0,2,2,3,0,2,4,8,13,7,1,16,6,12,5,1
ENSG00000105647,PIK3R2,85,0,0,0,0,0,0,0,0,0,0,0,0,0,0,0,0,0,0,0,0,0,0,0,0,0,0,0,0,0,0,0,1,0,0,3,9,3,5,19,6,15,16,8
ENSG00000118898,PPL,85,1,0,0,0,0,0,1,0,0,0,1,0,0,1,0,1,0,0,0,1,2,0,2,0,2,0,2,2,2,3,4,0,1,5,6,13,0,7,7,6,9,2,4
ENSG00000131788,PIAS3,85,0,0,0,0,0,0,0,0,0,0,0,0,0,0,0,0,1,1,0,0,0,0,0,2,0,0,0,0,0,0,0,1,0,0,3,11,5,2,17,12,13,7,10
ENSG00000150991,UBC,85,0,0,0,0,0,0,0,0,0,0,0,0,0,0,0,0,0,0,0,0,0,0,0,0,0,0,1,0,2,2,2,3,0,4,12,11,8,5,17,9,2,2,5
ENSG00000160691,SHC1,85,0,0,0,0,0,0,0,0,0,0,0,0,0,0,0,0,0,0,0,0,0,0,0,0,0,0,0,0,0,0,0,1,0,1,3,6,8,1,13,11,20,14,7
ENSG00000047410,TPR,84,0,0,0,0,0,0,0,0,0,2,0,0,0,0,0,0,1,0,0,0,1,0,1,0,1,0,2,1,4,5,4,1,1,5,7,5,6,4,11,5,8,4,5
ENSG00000082701,GSK3B,84,0,0,0,0,0,0,0,0,0,0,0,0,0,0,0,0,0,0,0,0,0,0,0,0,0,0,0,0,0,0,0,0,0,0,6,9,10,3,16,9,12,14,5
ENSG00000169679,BUB1,84,0,0,0,0,0,0,0,0,0,0,0,0,0,0,0,0,0,2,0,0,0,0,0,0,0,0,0,0,0,0,0,0,0,0,8,9,9,4,13,10,14,10,5
ENSG00000253729,PRKDC,84,0,0,0,0,0,0,0,0,0,0,0,0,0,0,0,0,0,0,0,0,0,0,0,0,0,0,0,0,0,0,0,0,0,0,4,7,4,0,14,4,27,18,6
ENSG00000136448,NMT1,83,0,0,0,0,0,0,0,0,0,0,0,0,0,0,1,0,0,0,0,0,0,0,0,1,0,1,0,0,0,0,1,0,0,1,7,9,6,0,10,6,19,14,7
ENSG00000138794,CASP6,83,0,0,0,0,0,0,0,0,0,0,0,0,0,0,0,0,0,0,0,0,0,0,0,0,0,0,0,0,0,0,0,0,0,1,8,8,7,4,13,9,19,10,4
ENSG00000140464,PML,83,0,0,0,0,1,0,0,0,0,0,0,0,0,0,0,0,0,0,0,0,0,0,1,0,0,0,0,1,1,2,1,0,0,2,9,14,5,5,10,9,10,1,11
ENSG00000175216,CKAP5,83,0,0,0,0,0,0,0,0,0,0,0,0,0,0,0,0,1,1,0,0,0,0,0,0,0,0,0,0,2,1,2,0,0,2,7,7,4,5,14,11,10,12,4
ENSG00000186318,BACE1,83,0,0,0,0,0,0,0,0,0,0,0,0,0,0,0,0,0,0,0,0,0,0,0,2,0,0,0,0,0,0,0,0,0,0,7,15,9,3,11,12,14,4,6
ENSG00000047932,GOPC,82,0,0,0,0,0,0,0,0,0,0,0,0,0,0,0,0,0,0,0,0,0,0,0,1,0,0,0,0,0,2,2,0,0,2,7,9,10,1,15,11,13,8,1
ENSG00000118523,CTGF,82,0,0,0,0,0,0,0,0,0,0,0,0,0,0,0,0,0,0,0,0,1,0,3,0,1,0,2,2,2,3,2,1,0,3,5,4,6,4,13,14,11,4,1
ENSG00000135605,TEC,82,0,0,0,0,0,0,0,0,0,0,0,0,0,0,0,0,0,0,0,0,0,0,0,0,0,0,0,0,0,0,0,1,0,0,8,15,5,0,22,5,16,6,4
ENSG00000126561,STAT5A,81,0,0,0,0,0,0,0,0,0,0,0,0,0,0,0,0,0,0,0,0,0,0,0,0,0,0,0,0,0,0,0,0,0,0,11,9,13,2,19,20,3,0,4
ENSG00000158092,NCK1,81,0,0,0,0,0,0,0,0,0,0,0,0,0,0,0,0,0,0,0,0,0,0,0,0,0,0,0,0,0,0,0,0,0,0,9,17,2,3,13,8,14,12,3
ENSG00000118579,MED28,80,1,1,1,1,0,0,1,1,1,0,1,1,0,1,0,1,0,0,0,1,2,0,2,0,2,0,2,2,3,3,3,0,2,3,4,5,3,3,8,4,8,5,4
ENSG00000120656,TAF12,80,0,0,0,0,0,0,0,0,0,0,0,0,0,0,0,0,1,0,0,0,0,0,0,0,0,0,0,0,0,0,0,2,0,0,5,4,7,3,13,6,18,13,8
ENSG00000161057,PSMC2,80,1,1,1,1,0,0,1,1,1,0,1,1,0,1,0,1,0,0,0,1,2,0,2,1,2,0,2,2,2,2,2,0,1,2,2,6,6,3,10,6,10,3,2
ENSG00000172977,KAT5,80,0,0,0,0,0,0,0,0,0,0,0,0,0,0,0,0,0,0,0,0,0,0,0,2,0,0,0,0,0,0,0,0,1,0,3,8,6,6,16,9,21,4,4
ENSG00000180370,PAK2,80,0,0,0,0,0,0,0,0,0,0,0,0,0,0,1,0,0,0,0,0,0,0,0,0,0,0,0,0,0,0,0,0,0,0,4,10,6,3,17,11,16,5,7
ENSG00000115414,FN1,79,0,0,0,0,0,0,0,0,0,0,0,0,0,0,0,0,0,0,0,0,0,0,0,0,0,0,0,0,0,0,0,0,0,1,6,7,7,2,17,11,18,6,4
ENSG00000119335,SET,79,0,0,0,0,0,0,1,1,1,0,1,1,0,1,0,0,1,0,0,1,1,1,2,0,2,0,3,2,3,3,3,1,1,3,3,9,5,5,12,6,4,1,1
ENSG00000164104,HMGB2,79,0,0,0,0,0,1,0,0,0,0,0,0,0,0,0,0,0,0,0,0,0,0,0,0,0,0,0,0,0,0,0,0,0,0,6,7,10,2,14,3,17,10,9
ENSG00000164109,MAD2L1,79,0,0,0,0,0,0,0,0,0,0,0,0,0,1,0,0,0,0,0,1,1,0,2,0,2,0,1,2,2,1,2,1,1,2,5,6,8,6,13,4,8,4,6
ENSG00000168090,COPS6,79,0,0,0,0,0,0,0,0,0,0,0,0,0,0,0,0,0,0,0,0,0,0,0,0,0,0,0,0,0,0,0,0,0,0,3,12,5,5,14,9,19,10,2
ENSG00000026508,CD44,78,0,0,0,0,0,0,0,0,0,0,0,0,0,0,0,0,0,0,0,0,0,0,0,0,0,0,1,0,1,1,1,0,0,1,4,11,5,4,20,13,7,5,4
ENSG00000125730,C3,78,0,0,0,0,0,0,0,0,0,0,0,0,0,0,0,0,0,0,0,0,0,0,0,0,0,0,0,0,0,0,0,0,0,0,9,22,8,2,10,11,8,4,4
ENSG00000132906,CASP9,78,0,0,0,0,0,0,0,0,0,0,0,0,0,0,0,0,0,0,0,0,0,1,0,2,0,0,0,0,0,0,0,0,1,0,7,9,5,4,14,9,11,8,7
ENSG00000213341,CHUK,78,0,0,0,0,0,0,0,0,0,0,0,0,0,0,0,1,0,0,0,0,0,0,1,0,0,0,0,0,0,1,0,1,0,1,4,14,3,2,17,10,11,10,2
ENSG00000077238,IL4R,77,0,0,0,0,0,0,0,0,0,0,0,0,0,0,0,0,0,0,0,0,0,0,1,0,0,0,0,1,0,1,0,0,0,1,6,13,8,2,13,6,14,6,5
ENSG00000177479,ARIH2,77,0,0,0,0,0,0,0,0,0,0,0,0,0,0,0,0,0,0,0,0,0,0,0,0,0,0,0,0,0,0,0,1,0,2,5,12,4,2,11,10,17,6,7
ENSG00000130340,SNX9,76,0,0,0,0,0,0,0,0,0,0,0,0,0,0,0,0,0,0,0,0,0,0,0,0,0,0,0,0,2,1,3,1,1,0,8,22,3,2,11,9,7,3,3
ENSG00000142949,PTPRF,76,0,0,0,0,0,0,0,0,0,0,0,0,0,0,0,0,0,0,0,0,0,0,0,0,0,0,0,1,0,0,0,1,1,0,6,10,6,11,10,20,4,2,4
ENSG00000108773,KAT2A,75,0,0,0,0,0,0,0,0,0,0,0,0,0,0,0,0,0,0,0,0,0,0,0,0,0,0,0,0,1,2,1,0,1,2,4,11,2,5,12,12,13,6,3
ENSG00000157227,MMP14,75,0,0,0,0,0,0,0,0,0,0,0,0,0,0,0,0,0,1,0,0,0,0,0,0,0,0,0,0,0,0,0,2,0,0,5,13,9,2,16,9,6,1,11
ENSG00000074319,TSG101,74,0,0,0,0,0,0,0,0,0,0,0,0,0,0,0,0,0,0,0,0,0,0,4,1,0,0,2,3,5,7,5,0,0,5,2,7,8,1,7,10,2,2,3
ENSG00000086758,HUWE1,74,0,0,0,0,0,0,0,0,0,0,0,0,0,0,0,0,1,0,0,0,0,0,0,2,0,0,0,0,0,0,0,0,0,0,6,11,6,1,20,7,13,4,3
ENSG00000167193,CRK,74,0,0,0,0,0,0,0,0,0,0,0,0,0,0,0,0,0,0,0,0,0,0,2,0,0,1,0,3,0,3,0,0,1,2,2,14,10,3,7,9,7,4,6
ENSG00000186153,WWOX,74,0,0,0,0,0,1,0,0,0,0,0,0,0,0,0,0,5,0,0,0,1,1,2,0,1,0,2,2,3,2,3,2,0,2,3,10,2,2,12,6,4,4,4
ENSG00000033800,PIAS1,73,0,0,0,0,0,0,0,0,0,0,0,0,0,0,0,0,0,0,0,0,0,0,2,0,0,0,0,0,0,1,0,0,0,1,3,9,10,2,9,11,17,3,5
ENSG00000039068,CDH1,73,0,0,0,0,0,0,0,0,0,0,0,0,0,0,0,0,0,0,0,0,0,0,0,0,0,0,0,0,0,0,0,0,0,0,6,16,0,5,14,11,11,4,6
ENSG00000051180,RAD51,73,0,0,0,0,0,0,0,0,0,0,0,0,0,0,0,0,0,0,0,0,0,0,0,0,0,0,0,0,0,0,0,0,0,0,7,9,3,3,16,9,10,8,8
ENSG00000089022,MAPKAPK5,72,0,0,0,0,0,0,0,0,0,0,0,0,0,0,0,0,0,0,2,0,0,0,0,0,0,0,0,0,1,1,1,0,0,2,2,12,5,1,9,9,9,15,3
ENSG00000109686,SH3D19,72,0,0,0,0,1,0,0,0,0,0,0,0,0,0,0,0,0,0,0,0,0,0,0,0,0,0,0,0,0,0,0,2,0,0,4,8,9,3,16,6,12,5,6
ENSG00000138592,USP8,72,0,0,0,0,0,0,0,0,0,0,0,0,0,0,0,0,1,0,0,0,0,0,0,0,0,0,0,0,0,0,0,0,1,0,3,9,6,2,13,10,15,11,1
ENSG00000166313,APBB1,72,0,0,0,0,0,0,0,0,0,0,0,0,0,0,0,0,0,0,0,0,0,0,0,1,0,0,0,0,0,0,0,0,0,0,5,10,6,1,15,6,17,8,3
ENSG00000197043,ANXA6,72,0,0,0,0,0,0,0,0,0,0,0,0,1,0,0,0,0,0,0,0,0,0,0,0,0,0,0,0,0,0,0,1,1,0,5,10,9,3,13,10,10,7,2
ENSG00000087586,AURKA,71,0,0,0,0,0,0,0,0,0,0,0,0,0,0,0,1,0,0,0,0,0,0,0,0,0,0,0,0,0,0,0,0,0,1,3,8,3,1,9,10,15,16,4
ENSG00000096063,SRPK1,71,0,0,0,1,0,1,2,0,1,0,1,1,0,1,0,0,0,1,0,1,2,1,2,0,2,0,2,2,3,3,3,0,1,2,4,8,7,1,7,6,5,0,0
ENSG00000124762,CDKN1A,71,0,0,0,0,0,0,0,0,0,0,0,0,0,0,0,0,0,0,0,0,0,0,0,0,0,0,0,0,0,0,0,1,0,0,8,13,14,2,14,12,6,0,1
ENSG00000198959,TGM2,71,0,0,0,0,0,0,0,0,0,0,0,0,0,0,0,0,0,0,0,0,0,0,0,0,0,0,0,0,1,1,1,0,0,2,8,11,7,5,11,7,14,0,3
ENSG00000141510,TP53,70,0,0,0,0,0,0,0,0,0,0,0,0,0,0,0,0,1,1,0,0,0,0,0,1,0,0,1,0,1,1,1,0,1,2,6,9,11,4,13,10,3,1,3
ENSG00000143207,RFWD2,70,0,0,0,0,0,0,0,0,0,0,0,0,0,0,0,0,0,0,1,0,0,0,0,0,0,0,0,0,0,0,0,0,0,0,6,6,6,6,9,6,13,15,2
ENSG00000061938,TNK2,69,0,0,0,0,0,0,0,0,0,0,0,0,0,0,0,0,0,0,0,0,0,0,0,1,0,0,0,1,0,0,0,0,1,0,6,13,6,3,18,11,3,0,6
ENSG00000077942,FBLN1,69,0,0,0,0,0,0,0,0,0,0,0,0,0,0,0,0,0,0,0,0,0,0,0,0,0,0,1,0,3,3,3,1,1,3,6,8,3,4,15,7,6,2,3
ENSG00000109072,VTN,68,0,0,0,0,0,0,0,0,0,0,0,0,0,0,0,0,0,0,0,0,0,0,0,0,0,0,1,2,1,1,1,0,1,2,4,11,8,2,12,14,4,0,4
ENSG00000143153,ATP1B1,68,0,0,0,0,0,0,0,0,0,0,0,0,0,0,2,0,0,0,0,0,0,0,0,0,0,0,0,0,0,0,0,0,0,2,4,13,3,3,12,13,6,0,10
ENSG00000085117,CD82,67,0,0,0,0,0,0,0,0,0,0,0,0,0,0,0,0,0,1,0,0,1,0,4,0,1,1,2,3,2,4,2,2,0,3,2,10,0,5,4,10,5,1,4
ENSG00000135823,STX6,67,0,0,0,0,0,0,0,0,0,0,0,0,0,0,0,0,0,0,0,0,0,0,4,0,0,0,0,0,0,2,0,0,0,2,3,7,2,1,8,24,5,1,8
ENSG00000138160,KIF11,67,0,0,0,0,0,0,0,0,0,0,0,0,0,0,0,0,0,0,0,0,0,0,0,0,0,0,0,0,0,0,0,0,0,0,4,13,3,2,12,7,15,6,5
ENSG00000139618,BRCA2,67,0,0,0,0,0,0,0,0,0,0,0,0,0,0,0,0,0,0,1,0,0,0,0,0,0,0,0,0,0,0,0,0,0,0,4,10,2,2,13,6,15,9,5
ENSG00000178999,AURKB,67,0,0,0,0,0,0,0,0,0,0,0,0,0,0,0,0,0,0,0,0,0,0,0,0,0,0,1,0,2,2,2,0,0,1,3,8,1,5,9,6,17,9,1
ENSG00000014216,CAPN1,66,0,0,0,0,0,0,0,0,0,0,0,0,0,0,0,0,0,0,0,0,0,0,0,0,0,0,0,0,2,4,2,0,0,4,5,18,5,3,10,10,3,0,0
ENSG00000125753,VASP,66,0,0,0,0,0,1,0,0,0,0,0,0,0,0,0,0,0,0,0,0,0,0,0,1,0,0,0,0,0,0,0,0,0,0,9,9,3,1,17,1,14,6,4
ENSG00000163932,PRKCD,66,0,0,0,0,0,0,0,0,0,0,0,0,0,0,0,0,0,0,0,0,0,0,0,0,0,0,0,0,0,0,0,0,0,1,10,24,3,2,9,7,7,1,2
ENSG00000067560,RHOA,65,0,0,0,0,0,0,0,0,0,0,0,0,0,0,0,0,0,0,1,0,0,0,0,0,0,1,0,0,1,1,1,0,0,2,9,14,3,0,11,12,4,0,5
ENSG00000082781,ITGB5,65,0,0,0,0,0,0,0,0,0,0,0,0,0,0,0,0,0,0,1,0,0,0,2,0,0,0,0,3,0,2,0,0,1,1,5,12,5,2,8,13,6,1,3
ENSG00000096968,JAK2,65,0,0,0,0,0,0,0,0,0,0,0,0,0,0,0,0,0,0,0,0,0,0,0,1,0,0,2,0,2,2,2,0,0,2,4,10,3,2,13,12,4,0,6
ENSG00000106799,TGFBR1,64,0,0,0,0,0,0,0,0,0,0,0,0,0,0,0,0,0,0,0,0,0,0,0,0,0,0,0,0,1,2,1,0,1,1,6,9,7,0,15,11,7,2,1
ENSG00000273841,TAF9,63,0,0,0,0,0,0,0,0,0,0,0,0,0,0,0,0,1,0,0,0,0,1,0,0,0,0,0,0,0,0,0,1,0,0,6,14,3,2,12,8,4,6,5
ENSG00000080986,NDC80,62,0,0,0,0,0,0,0,0,0,0,0,0,0,0,0,0,0,0,2,0,0,0,0,0,0,1,0,0,0,0,0,0,0,1,4,10,4,3,13,6,9,6,3
ENSG00000091409,ITGA6,62,0,0,0,0,0,0,0,0,0,0,0,0,0,0,0,0,0,0,0,0,0,0,0,0,0,0,2,0,2,2,2,0,0,3,7,10,2,2,7,3,9,8,3
ENSG00000173402,DAG1,62,0,0,0,0,0,0,0,0,0,0,0,0,0,0,0,0,0,0,0,0,0,0,0,0,0,0,0,0,0,0,0,0,0,0,7,12,4,5,9,14,7,1,3
ENSG00000123143,PKN1,61,0,0,0,0,0,0,0,0,0,0,0,0,0,0,0,0,0,0,0,0,0,0,0,1,0,0,0,0,0,0,0,0,0,0,7,7,5,5,16,9,3,6,2
ENSG00000129682,FGF13,61,0,0,0,0,0,0,0,0,0,0,0,0,0,0,0,0,1,0,0,0,0,0,0,1,0,0,0,0,1,1,1,0,0,1,5,12,9,2,10,8,4,1,4
ENSG00000164045,CDC25A,61,0,0,0,0,0,0,0,0,0,0,0,0,0,0,0,0,0,0,0,0,0,0,0,0,0,0,0,0,0,0,0,0,0,0,3,7,2,5,15,11,9,3,6
ENSG00000088325,TPX2,60,0,0,0,0,0,0,0,0,0,0,0,0,0,0,0,0,0,0,0,0,0,0,0,0,0,0,0,1,0,0,0,0,1,0,4,15,5,2,12,4,10,4,2
ENSG00000196230,TUBB,60,0,0,0,0,0,0,0,0,0,0,0,0,0,0,0,0,0,0,0,0,0,0,0,0,0,0,0,0,0,0,0,0,0,1,3,7,7,1,6,9,14,6,6
ENSG00000101266,CSNK2A1,59,0,0,0,0,0,0,0,0,0,0,0,0,0,0,0,0,0,0,0,0,0,0,0,1,0,1,0,0,0,0,0,0,0,1,4,13,4,4,11,8,3,0,9
ENSG00000101849,TBL1X,59,0,0,0,0,0,0,0,0,0,1,0,0,0,0,0,0,0,0,1,0,0,0,0,0,0,0,1,0,2,1,2,0,0,2,4,11,2,5,2,12,5,3,5
ENSG00000197122,SRC,58,0,0,0,0,0,0,0,0,0,0,0,0,0,0,0,0,0,0,0,0,0,0,0,0,0,0,0,0,1,0,1,0,0,0,2,15,5,4,8,8,4,1,9
ENSG00000164885,CDK5,57,0,0,0,0,0,0,0,0,0,0,0,0,0,0,0,0,0,0,1,0,0,0,0,0,0,0,0,0,0,0,0,0,1,1,5,11,2,4,11,9,8,1,3
ENSG00000097007,ABL1,56,0,0,0,0,0,0,0,0,0,0,0,0,0,0,0,0,0,0,0,0,0,0,0,0,0,1,0,0,1,1,1,0,0,0,3,3,6,3,11,11,7,4,4
ENSG00000115415,STAT1,56,0,0,0,0,0,0,0,0,0,0,0,0,0,0,0,0,3,0,0,0,0,0,0,0,0,0,0,0,3,3,3,0,0,3,1,9,3,3,10,9,1,1,4
ENSG00000145386,CCNA2,56,0,0,0,0,0,0,0,0,0,0,0,0,0,0,0,0,0,1,2,0,0,0,0,0,0,0,0,0,0,0,0,0,1,0,7,6,5,2,7,6,11,5,3
ENSG00000189091,SF3B3,56,0,0,0,0,0,0,0,0,0,0,0,0,0,0,0,0,0,0,0,0,0,1,0,0,0,0,0,0,0,0,0,0,0,0,2,7,5,3,14,7,7,5,5
ENSG00000004897,CDC27,55,0,0,0,0,0,0,0,0,0,0,0,0,0,0,0,0,0,0,0,0,0,0,2,0,1,0,2,2,2,2,2,0,0,4,4,5,0,1,9,6,8,4,1
ENSG00000012048,BRCA1,55,0,0,0,0,0,0,0,0,0,0,0,0,0,0,0,0,1,0,0,0,0,0,0,0,0,0,0,0,0,0,0,0,0,0,5,5,7,4,12,7,7,5,2
ENSG00000113140,SPARC,55,0,0,0,0,0,0,0,0,0,0,0,0,0,0,0,0,0,0,0,0,0,0,1,1,0,0,0,0,0,1,0,0,0,2,3,13,6,1,14,8,3,0,2
ENSG00000117153,KLHL12,54,0,0,0,0,0,0,0,0,0,0,0,0,0,0,2,0,0,0,0,0,0,0,0,0,1,0,2,0,3,3,3,0,0,4,3,2,2,2,9,7,5,4,2
ENSG00000165806,CASP7,54,0,0,0,0,0,0,0,0,0,0,0,0,0,0,0,0,0,0,0,0,0,0,0,0,0,0,0,0,1,1,1,1,1,2,8,4,3,2,10,6,10,2,2
ENSG00000198668,CALM1,54,0,0,0,0,0,0,0,0,0,0,0,0,0,0,0,0,1,0,0,0,0,1,0,0,0,0,1,0,1,2,1,0,1,2,5,7,2,2,12,5,4,1,6
ENSG00000120693,SMAD9,53,0,0,0,0,0,0,0,0,0,0,0,0,0,0,0,0,1,0,0,0,0,0,2,0,0,1,0,2,0,1,0,1,1,0,5,10,3,4,6,8,7,1,0
ENSG00000162772,ATF3,53,0,0,0,0,0,0,0,0,0,0,0,0,0,0,0,0,1,0,1,0,0,1,0,0,0,0,0,0,1,1,1,0,0,2,4,3,6,6,10,10,2,0,4
ENSG00000179295,PTPN11,53,0,0,0,0,0,0,0,0,0,0,0,0,0,0,0,0,0,0,0,0,0,0,0,0,0,0,0,1,0,0,0,0,0,0,2,8,2,4,11,5,12,5,3
ENSG00000127824,TUBA4A,52,0,0,0,0,0,0,0,0,0,0,0,0,0,0,0,0,0,0,0,0,0,0,2,0,0,0,0,2,0,2,0,2,0,1,3,15,4,4,5,8,3,0,1
ENSG00000171033,PKIA,52,0,0,0,0,0,0,0,0,0,0,0,0,0,0,0,0,0,0,0,0,0,0,0,0,0,0,0,0,0,0,0,0,0,0,6,6,3,0,10,6,7,12,2
ENSG00000064012,CASP8,51,0,0,0,0,0,0,0,0,0,0,0,0,0,0,0,0,1,0,0,0,0,0,0,0,0,0,1,0,1,1,1,0,0,2,5,8,8,2,7,7,4,0,3
ENSG00000168078,PBK,51,0,0,0,0,0,0,0,0,0,0,0,0,0,0,0,0,0,0,2,0,0,0,0,0,0,0,1,0,2,2,2,0,0,3,1,10,1,2,6,5,9,0,5
ENSG00000112592,TBP,49,0,0,0,0,0,0,0,0,0,0,0,0,0,0,0,0,0,0,0,0,0,0,0,0,0,0,0,0,1,1,1,1,0,0,2,4,5,1,10,6,12,4,1
ENSG00000165156,ZHX1,49,0,0,0,0,0,0,0,0,0,0,0,0,0,0,0,0,0,0,0,0,0,0,0,0,0,0,0,0,0,0,0,0,0,0,4,12,2,5,8,5,9,4,0
ENSG00000169398,PTK2,49,0,0,0,0,1,1,0,0,0,0,0,0,0,0,0,0,1,0,0,0,0,1,0,0,0,1,0,0,0,0,0,3,0,1,4,9,5,1,6,6,1,3,5
ENSG00000143228,NUF2,48,0,0,0,0,0,0,0,0,0,0,0,0,0,0,0,0,2,0,0,0,0,0,2,0,0,0,3,2,3,5,3,1,0,5,3,1,3,0,5,8,1,0,1
ENSG00000147526,TACC1,47,0,0,0,0,0,0,0,0,0,0,0,0,0,0,0,0,0,0,0,0,0,0,0,0,0,0,1,0,1,1,1,0,0,1,4,10,4,2,8,6,4,0,4
ENSG00000166949,SMAD3,47,0,0,0,0,0,0,0,0,0,0,0,0,0,0,0,0,0,0,2,0,0,0,0,1,0,0,0,0,1,1,1,0,0,2,6,3,5,1,10,7,5,2,0
ENSG00000168036,CTNNB1,47,0,0,0,0,0,0,0,0,0,0,0,0,0,0,0,0,1,0,0,0,0,0,0,0,0,0,2,0,3,3,3,1,0,3,2,2,4,3,8,5,3,3,1
ENSG00000188313,PLSCR1,47,0,0,0,0,0,0,0,0,0,0,0,0,1,0,0,0,0,0,0,0,0,0,0,1,0,0,0,0,0,0,0,0,0,0,4,4,9,3,10,4,6,0,5
ENSG00000141646,SMAD4,46,0,0,0,0,0,0,0,0,0,0,0,0,0,0,0,0,0,2,0,0,0,0,2,0,0,0,1,2,1,2,1,0,0,2,2,5,3,3,8,6,3,0,3
ENSG00000148180,GSN,46,0,0,0,0,0,1,0,0,0,0,0,0,0,0,0,0,0,0,0,0,0,1,0,0,0,1,1,0,1,1,1,0,0,2,2,6,9,0,10,5,2,0,3
ENSG00000163565,IFI16,46,0,0,0,0,0,0,0,0,0,0,0,0,0,0,0,0,1,0,0,0,0,0,0,0,0,0,0,0,0,1,1,2,0,2,7,6,5,0,9,6,5,0,1
ENSG00000011422,PLAUR,45,0,0,0,0,0,0,0,0,0,0,0,0,0,0,0,0,0,0,0,0,0,0,0,0,0,0,0,0,0,0,0,1,0,0,3,7,5,2,12,8,5,0,2
ENSG00000110876,SELPLG,45,0,0,0,0,1,0,0,0,0,0,0,0,0,0,0,0,1,0,0,0,0,0,0,0,0,0,0,0,0,0,0,1,0,0,3,7,6,2,5,12,6,0,1
ENSG00000125170,DOK4,45,0,0,0,0,0,0,0,0,0,0,0,0,0,0,0,0,0,0,0,0,0,0,0,0,0,0,0,0,0,0,0,0,0,0,4,16,1,5,7,5,3,1,3
ENSG00000131747,TOP2A,45,0,0,0,0,0,0,0,0,0,0,0,0,0,0,0,0,0,0,0,0,0,0,0,0,0,0,0,0,0,0,0,0,1,0,4,7,3,2,11,8,8,1,0
ENSG00000170312,CDK1,45,0,0,0,0,0,0,0,0,0,0,0,0,0,0,0,0,0,0,0,0,0,0,0,0,0,0,0,0,0,0,0,1,0,0,3,4,6,2,8,6,5,8,2
ENSG00000133226,SRRM1,44,0,0,0,0,0,0,0,0,0,0,0,0,0,0,0,0,0,0,0,0,0,0,1,0,0,0,0,1,0,1,0,1,0,1,2,11,3,2,5,12,2,0,2
ENSG00000114745,GORASP1,43,0,0,0,0,0,0,0,0,0,0,0,0,0,0,0,0,0,1,0,0,0,0,0,0,0,0,0,0,0,0,0,0,0,0,2,6,5,4,9,13,3,0,0
ENSG00000110422,HIPK3,42,0,0,0,0,0,0,0,0,0,0,0,0,0,0,0,0,0,0,0,0,0,0,0,0,1,0,2,0,2,2,2,0,0,2,2,4,6,3,8,6,1,0,1
ENSG00000143379,SETDB1,42,0,0,0,0,0,0,0,0,0,0,0,0,1,0,0,0,0,0,0,0,0,0,0,0,0,0,0,0,0,0,0,0,1,0,2,2,3,2,7,4,11,5,4
ENSG00000133818,RRAS2,41,0,0,0,0,0,0,0,0,0,0,0,0,0,0,0,0,0,0,0,0,0,0,2,0,0,0,0,2,0,2,0,0,0,1,1,7,2,3,6,5,0,4,6
ENSG00000137752,CASP1,41,0,0,0,0,0,0,0,0,0,0,0,0,1,0,0,0,0,0,0,0,0,0,0,0,0,0,1,1,1,1,1,0,0,1,2,6,6,2,10,4,2,1,1
ENSG00000006125,AP2B1,40,0,0,0,0,0,0,0,0,0,0,0,0,0,0,0,0,0,1,0,0,0,0,0,0,0,0,1,0,2,2,2,0,0,2,4,1,2,3,7,8,3,0,2
ENSG00000114423,CBLB,40,0,0,0,0,0,0,0,0,0,0,0,0,0,0,0,0,0,0,0,0,0,0,0,0,0,0,1,0,1,1,1,0,1,1,2,5,4,5,4,11,2,0,1
ENSG00000141198,TOM1L1,40,0,0,0,0,0,0,0,0,0,0,0,0,0,0,0,0,1,1,1,0,0,0,0,0,0,0,1,0,1,1,1,0,0,2,0,6,6,2,4,7,4,0,2
ENSG00000196591,HDAC2,40,0,0,0,0,0,0,0,0,0,0,0,0,0,0,0,0,0,0,1,0,0,0,0,0,0,0,0,0,1,1,1,0,0,1,3,4,6,0,8,6,2,2,4
ENSG00000026025,VIM,39,0,0,0,0,0,1,0,0,0,0,0,0,0,0,0,0,0,0,0,0,0,1,0,0,0,1,0,0,1,1,1,1,0,1,4,3,2,1,6,6,8,0,1
ENSG00000121022,COPS5,39,0,0,0,0,0,0,0,0,0,0,0,0,0,0,0,0,0,0,0,0,0,1,0,0,0,0,2,0,2,2,2,1,0,2,2,3,4,3,6,7,1,1,0
ENSG00000113580,NR3C1,37,0,0,0,0,0,0,0,0,0,0,0,0,0,0,0,0,0,1,1,0,0,0,0,0,0,0,1,0,1,2,1,0,0,3,2,1,3,2,5,9,2,0,3
ENSG00000146674,IGFBP3,37,0,0,0,0,0,0,0,0,0,0,0,0,0,0,0,0,1,0,0,0,0,0,0,0,0,0,0,0,0,0,0,0,0,1,0,7,2,1,5,5,8,3,4
ENSG00000035115,SH3YL1,36,0,0,0,0,0,0,0,0,0,0,0,0,0,0,0,0,0,1,1,0,0,0,4,0,0,0,0,2,1,2,1,0,0,1,2,0,0,4,5,9,2,0,1
ENSG00000149554,CHEK1,36,0,0,0,0,0,0,0,0,0,0,0,0,1,0,0,0,0,0,0,0,0,0,0,0,0,0,0,0,0,0,0,0,0,1,2,9,3,0,6,8,5,1,0
ENSG00000149269,PAK1,34,0,0,0,0,0,0,0,0,0,0,0,0,0,0,0,0,0,1,0,0,0,0,0,0,0,0,0,0,0,0,0,0,0,0,4,2,4,3,10,6,4,0,0
ENSG00000070087,PFN2,33,0,0,0,0,0,0,0,0,0,0,0,0,0,0,0,0,0,0,0,0,0,0,0,0,0,0,0,0,0,0,0,0,1,0,2,5,0,2,6,5,5,4,3
ENSG00000135046,ANXA1,32,0,0,0,0,0,0,0,0,0,0,0,0,0,0,0,0,0,0,0,0,0,0,0,0,0,0,0,0,0,0,0,1,0,0,2,7,2,5,6,7,0,1,1
ENSG00000134871,COL4A2,30,0,0,0,0,0,0,0,0,0,0,0,0,0,0,0,0,1,0,1,0,0,0,0,0,0,0,0,0,0,0,0,1,0,1,1,7,2,3,6,6,0,0,1
ENSG00000166851,PLK1,30,0,0,0,0,0,0,0,0,0,0,0,0,0,0,0,0,0,0,0,0,0,0,0,0,0,0,0,0,0,0,1,0,0,1,4,7,5,0,6,2,2,0,2
ENSG00000169439,SDC2,29,0,0,0,0,0,0,0,0,0,0,0,0,0,0,0,0,0,0,0,0,0,1,0,0,0,0,0,0,1,1,1,0,0,0,2,0,7,2,8,6,0,0,0
ENSG00000108654,DDX5,19,0,0,0,0,0,0,0,0,0,0,0,0,0,0,0,0,1,0,0,0,0,0,0,0,0,0,0,0,0,0,0,1,0,0,5,1,2,1,3,3,1,1,0
ENSG00000011465,DCN,18,0,0,0,0,0,0,0,0,0,0,0,0,0,0,0,0,0,1,0,0,0,0,0,0,0,0,1,0,1,2,1,0,0,1,2,0,4,0,3,2,0,0,0
ENSG00000141027,NCOR1,14,0,0,0,0,0,0,0,0,0,0,0,0,0,0,0,0,0,0,2,0,0,0,0,0,0,0,1,0,1,1,1,0,0,1,0,1,0,1,3,2,0,0,0
